strain	free	dip	tri	tet	d_dip	d_tri	d_tet
Bran_AGB5	3122473.327113	-31832.019565	49486.970670	235196.021702	3154305.346677	3072986.356442	2887277.305411
