strain	free	dip	tri	tet	d_dip	d_tri	d_tet
CBS931.73_pb	1419963.559367	-23570.806063	515144.186711	1174497.651689	1443534.365431	904819.372656	245465.907679
