strain	free	dip	tri	tet	d_dip	d_tri	d_tet
CBS931.73	413265.884937	13308.417712	144696.985146	323473.541337	399957.467225	268568.899790	89792.343600
