strain	free	dip	tri	tet	d_dip	d_tri	d_tet
NRRL2992_pb	169528.689349	130114.463319	133433.155627	78825.334292	39414.226030	36095.533722	90703.355057
