strain	free	dip	tri	tet	d_dip	d_tri	d_tet
NRRL2992	160852.876634	126599.229566	120365.939143	73199.627390	34253.647068	40486.937491	87653.249244
