strain	free	dip	tri	tet	d_dip	d_tri	d_tet
STP1717.1	534490.815673	25247.107661	49169.084774	70868.443548	509243.708012	485321.730899	463622.372126
