strain	free	dip	tri	tet	d_dip	d_tri	d_tet
STP1710.7_ont	1582481.609997	-75005.993168	450372.215020	1305034.667844	1657487.603165	1132109.394977	277446.942153
