strain	free	dip	tri	tet	d_dip	d_tri	d_tet
STP1710.7	1013404.453191	303185.245793	180859.400220	241379.911547	710219.207398	832545.052971	772024.541644
