strain	free	dip	tri	tet	d_dip	d_tri	d_tet
STP1717.1	869302.012631	-23041.855456	294878.444583	772658.406823	892343.868087	574423.568048	96643.605808
