strain	free	dip	tri	tet	d_dip	d_tri	d_tet
STP1710.7	nan	303932.095150	181500.854437	242045.439402	nan	nan	nan
