strain	free	dip	tri	tet	d_dip	d_tri	d_tet
STP1717.1_ont	868889.740531	-23617.345444	293257.449021	771704.791187	892507.085975	575632.291510	97184.949344
