strain	free	dip	tri	tet	d_dip	d_tri	d_tet
STP1710.7	1583534.151336	-75517.906658	449442.989653	1304812.800646	1659052.057995	1134091.161684	278721.350690
