strain	free	dip	tri	tet	d_dip	d_tri	d_tet
UHM260.5136_ont	1477396.744711	30529.307702	620263.732585	1364602.683923	1446867.437008	857133.012126	112794.060787
