strain	free	dip	tri	tet	d_dip	d_tri	d_tet
UHM207.4505	1302454.644841	184368.255256	167422.561306	165454.354573	1118086.389586	1135032.083535	1137000.290268
