strain	free	dip	tri	tet	d_dip	d_tri	d_tet
UHM207.4505_ont	1340609.209707	-14310.848974	507229.647983	1202950.689804	1354920.058681	833379.561724	137658.519903
