strain	free	dip	tri	tet	d_dip	d_tri	d_tet
UHM260.5136	996691.011180	88407.808863	100064.721085	114310.336060	908283.202318	896626.290095	882380.675120
