strain	free	dip	tri	tet	d_dip	d_tri	d_tet
UHM520.7734	454058.578639	364870.782735	292690.630880	279551.747245	89187.795903	161367.947759	174506.831393
