strain	free	dip	tri	tet	d_dip	d_tri	d_tet
UHM516.7697	619645.411304	245021.568430	161130.895786	154407.888241	374623.842874	458514.515518	465237.523063
