strain	free	dip	tri	tet	d_dip	d_tri	d_tet
UHM516.7697_ont	746613.178810	16042.606668	304736.215816	680799.055246	730570.572142	441876.962994	65814.123565
